,Unnamed: 0,Ax1,Ay1,Az1,target
10,10,-0.032471,-0.054443,-1.069336,1
11,11,-0.028809,-0.059814,-1.057617,1
12,12,-0.023926,-0.062012,-1.0625,1
13,13,-0.038086,-0.061279,-1.064941,1
14,14,-0.019531,-0.054199,-1.059326,1
15,15,-0.023926,-0.062256,-1.069092,1
16,16,-0.015625,-0.050293,-1.065186,1
17,17,-0.031006,-0.060059,-1.055176,1
18,18,-0.02002,-0.048828,-1.060791,1
19,19,-0.02002,-0.053223,-1.059082,1
